"area_id","dhis2_id","pepfar_id","map_level","map_name"
"NGA",,"PqlFzhuPcF1",0,"Nigeria"
"NGA_2_AB",,"PSyoMabuxF4",1,"Abia"
"NGA_2_AN",,"LXdsxJVo6Gk",1,"Anambra"
"NGA_2_EB",,"GBuVMaobpww",1,"Ebonyi"
"NGA_2_EN",,"yNTAsxa4JYC",1,"Enugu"
"NGA_2_IM",,"xod2zGl32QR",1,"Imo"
"NGA_2_AD",,"erpCFZj6yFu",1,"Adamawa"
"NGA_2_BA",,"Mt26U3BtZWW",1,"Bauchi"
"NGA_2_BR",,"sXsTHBsj0rh",1,"Borno"
"NGA_2_GO",,"XzSGf4ZxlR6",1,"Gombe"
"NGA_2_TA",,"chS82SaWUb0",1,"Taraba"
"NGA_2_YO",,"j5uy1Add8lx",1,"Yobe"
"NGA_2_AK",,"pRNjUammgeK",1,"Akwa Ibom"
"NGA_2_BY",,"R4vqlQuPEP3",1,"Bayelsa"
"NGA_2_CR",,"pq7kECDgKc7",1,"Cross River"
"NGA_2_DE",,"i5hb4KFA5MW",1,"Delta"
"NGA_2_ED",,"gsAcqPGkabf",1,"Edo"
"NGA_2_RI",,"SSqrxMy7RHB",1,"Rivers"
"NGA_2_BE",,"vSN6HHeBPqw",1,"Benue"
"NGA_2_FC",,"rwV3sqg9IyH",1,"FCT"
"NGA_2_KO",,"G22rHB3F3Ew",1,"Kogi"
"NGA_2_KW",,"DB9jvKNvPXU",1,"Kwara"
"NGA_2_NA",,"ek80rI6DFKt",1,"Nasarawa"
"NGA_2_NI",,"mWutl8clHfY",1,"Niger"
"NGA_2_PL",,"GAfGnvcVZ6k",1,"Plateau"
"NGA_2_EK",,"W1EHlIiNm7L",1,"Ekiti"
"NGA_2_LA",,"X1YSuZzQAP8",1,"Lagos"
"NGA_2_OG",,"JPR7FWvI4Jq",1,"Ogun"
"NGA_2_Ondo",,"H7zZFfHCS3p",1,"Ondo"
"NGA_2_OS",,"eGalRf62pxe",1,"Osun"
"NGA_2_OY",,"MLdHgMQUM3y",1,"Oyo"
"NGA_2_JI",,"F8ealt899Lx",1,"Jigawa"
"NGA_2_KD",,"ERH1gaeZSqG",1,"Kaduna"
"NGA_2_KN",,"J1P31dMvu7x",1,"Kano"
"NGA_2_KT",,"EuopELCVYdk",1,"Katsina"
"NGA_2_KB",,"LaLcSZWEEMv",1,"Kebbi"
"NGA_2_SO",,"abbiqwv4nNw",1,"Sokoto"
"NGA_2_ZA",,"WXvWYq7i2Az",1,"Zamfara"
"NGA_3_001",,"BY7bSKwPjPJ",2,"ab Aba North"
"NGA_3_002",,"sneW3AzybWl",2,"ab Aba South"
"NGA_3_003",,"utjfWYGFWf9",2,"ab Arochukwu"
"NGA_3_004",,"hxL0g5v8Utk",2,"ab Bende"
"NGA_3_005",,"B313k9dIuCR",2,"ab Ikwuano"
"NGA_3_006",,"GCY4ic15Vx9",2,"ab Isiala-Ngwa North"
"NGA_3_007",,"SQAfXNZsq0o",2,"ab Isiala-Ngwa South"
"NGA_3_008",,"UcRhSWkBEBj",2,"ab Isuikwuato"
"NGA_3_009",,"xQ0mrXizc76",2,"ab Obingwa"
"NGA_3_010",,"pZTnyzppDlO",2,"ab Ohafia"
"NGA_3_011",,"L1aZjDe1sH1",2,"ab Osisioma Ngwa"
"NGA_3_012",,"WRdsg318pjK",2,"ab Ugwunagbo"
"NGA_3_013",,"rUPLBHykOK5",2,"ab Ukwa East"
"NGA_3_014",,"JReXS37mwcG",2,"ab Ukwa West"
"NGA_3_015",,"hJwaMaptWAC",2,"ab Umu Nneochi"
"NGA_3_016",,"Saab1FHVbPD",2,"ab Umuahia North"
"NGA_3_017",,"sjaIPoRZPBo",2,"ab Umuahia South"
"NGA_3_018",,"DFMlCbHb8A8",2,"an Aguata"
"NGA_3_019",,"WympM6A8Dyz",2,"an Anambra East"
"NGA_3_020",,"ia5DjoyiJml",2,"an Anambra West"
"NGA_3_021",,"sgqANA29vHG",2,"an Anaocha"
"NGA_3_022",,"Z69WtGQ0Urd",2,"an Awka North"
"NGA_3_023",,"JyswUUSs0Ga",2,"an Awka South"
"NGA_3_024",,"cAtDMHGqXDY",2,"an Ayamelum"
"NGA_3_025",,"LnzMu6ek3Y9",2,"an Dunukofia"
"NGA_3_026",,"UjwHpQb8RFM",2,"an Ekwusigo"
"NGA_3_027",,"EXvdc4ppwoz",2,"an Idemili North"
"NGA_3_028",,"GzWt3GqoM7i",2,"an Idemili South"
"NGA_3_029",,"kKXpnEpWHau",2,"an Ihiala"
"NGA_3_030",,"jjP9tmzofKz",2,"an Njikoka"
"NGA_3_031",,"zfiun4GPDku",2,"an Nnewi North"
"NGA_3_032",,"NF6SfRY1kto",2,"an Nnewi South"
"NGA_3_033",,"ECHIr3eP4t4",2,"an Ogbaru"
"NGA_3_034",,"DR7pw2aSUwX",2,"an Onitsha North"
"NGA_3_035",,"JyWT5Q3Xqkf",2,"an Onitsha South"
"NGA_3_036",,"R1QrxLfGQAu",2,"an Orumba North"
"NGA_3_037",,"HJYYvGcFd4u",2,"an Orumba South"
"NGA_3_038",,"DPtWPT96gZF",2,"an Oyi"
"NGA_3_039",,"EzsXkY9WARj",2,"eb Abakaliki"
"NGA_3_040",,"KN2TmcAVqzi",2,"eb Afikpo North"
"NGA_3_041",,"ZrkJxE1QhrW",2,"eb Afikpo South"
"NGA_3_042",,"J4yYjIqL7mG",2,"eb Ebonyi"
"NGA_3_043",,"tIuMJ7BIDWY",2,"eb Ezza North"
"NGA_3_044",,"UHy5pRsQvje",2,"eb Ezza South"
"NGA_3_045",,"MTm3lyt1uyA",2,"eb Ikwo"
"NGA_3_046",,"vPNckbEJmgJ",2,"eb Ishielu"
"NGA_3_047",,"k8q2pBQgUN8",2,"eb Ivo"
"NGA_3_048",,"I0BlgP4H1OY",2,"eb Izzi"
"NGA_3_049",,"DUdIkrprTo5",2,"eb Ohaozara"
"NGA_3_050",,"IgQnoCiFkNF",2,"eb Ohaukwu"
"NGA_3_051",,"LVqMvb9kkzH",2,"eb Onicha"
"NGA_3_052",,"hu1xt1ogF4p",2,"en Aninri"
"NGA_3_053",,"j44sQg7jgxN",2,"en Awgu"
"NGA_3_054",,"HlABmTwBpu6",2,"en Enugu East"
"NGA_3_055",,"pLAiWmFjn0V",2,"en Enugu North"
"NGA_3_056",,"HhCbsjlKoWA",2,"en Enugu South"
"NGA_3_057",,"H3vPz5cLc8w",2,"en Ezeagu"
"NGA_3_058",,"XSjMKY9mf7k",2,"en Igbo Etiti"
"NGA_3_059",,"ai7N2iAo0JE",2,"en Igbo Eze North"
"NGA_3_060",,"WSdmE5ogw0T",2,"en Igbo Eze South"
"NGA_3_061",,"WihGaIxuEIs",2,"en Isiuzo"
"NGA_3_062",,"fEruEcd3780",2,"en Nkanu East"
"NGA_3_063",,"PWOBEq85BOf",2,"en Nkanu West"
"NGA_3_064",,"ITdnyCiBvz7",2,"en Nsukka"
"NGA_3_065",,"xu2XtcwkKms",2,"en Oji River"
"NGA_3_066",,"Jw8aS21k2oW",2,"en Udenu"
"NGA_3_067",,"OY7K8rR5ukn",2,"en Udi"
"NGA_3_068",,"os29wbUTQz7",2,"en Uzo Uwani"
"NGA_3_069",,"QT7WqfzOT7X",2,"im Aboh Mbaise"
"NGA_3_070",,"EyHfmrBzsuk",2,"im Ahiazu Mbaise"
"NGA_3_071",,"Ymb6umwsISK",2,"im Ehime Mbano"
"NGA_3_072",,"dzjXm8e1cNs",2,"im Ezinihitte"
"NGA_3_073",,"CRvHqQVBlD6",2,"im Ideato North"
"NGA_3_074",,"laM7jR9mtfj",2,"im Ideato South"
"NGA_3_075",,"V7JZ4QSddM4",2,"im Ihitte Uboma"
"NGA_3_076",,"JVBsHZWT7pB",2,"im Ikeduru"
"NGA_3_077",,"W0Bnlz2CdRD",2,"im Isiala Mbano"
"NGA_3_078",,"ZzZelaZBCYJ",2,"im Isu"
"NGA_3_079",,"GEwjVcMYoao",2,"im Mbaitoli"
"NGA_3_080",,"vpCKW3gWNhV",2,"im Ngor Okpala"
"NGA_3_081",,"qNzCWtO8dMh",2,"im Njaba"
"NGA_3_082",,"iz3ehfkjBvm",2,"im Nkwerre"
"NGA_3_083",,"eUmxQeRPiBM",2,"im Nwangele"
"NGA_3_084",,"VTczXNlh45U",2,"im Obowo"
"NGA_3_085",,"fIJ193PGC3L",2,"im Oguta"
"NGA_3_086",,"k396XseVgOV",2,"im Ohaji Egbema"
"NGA_3_087",,"Hl9Yfii9vCN",2,"im Okigwe"
"NGA_3_088",,"uTRRg2zhU4D",2,"im Onuimo"
"NGA_3_089",,"MHK8b5HRHWg",2,"im Orlu"
"NGA_3_090",,"jU19ZJn6TI8",2,"im Orsu"
"NGA_3_091",,"FHkaaPwowJN",2,"im Oru East"
"NGA_3_092",,"GSZ1YWRPxPk",2,"im Oru West"
"NGA_3_093",,"mVuyipSx9aU",2,"im Owerri Municipal"
"NGA_3_094",,"FjiNyXde6Ae",2,"im Owerri North"
"NGA_3_095",,"lx2r0T1GnaQ",2,"im Owerri West"
"NGA_3_096",,"p7M264Wg1qB",2,"ad Demsa"
"NGA_3_097",,"dv4N89160b6",2,"ad Fufore"
"NGA_3_098",,"EorvxnuHvOc",2,"ad Ganye"
"NGA_3_099",,"g353MwNv1ST",2,"ad Girei"
"NGA_3_100",,"I0NB6gmLUsA",2,"ad Gombi"
"NGA_3_101",,"w4bclNyjW8p",2,"ad Guyuk"
"NGA_3_102",,"fpBVTbTedSf",2,"ad Hong"
"NGA_3_103",,"qrAb13XpOC2",2,"ad Jada"
"NGA_3_104",,"YrmqAeqD90Z",2,"ad Lamurde"
"NGA_3_105",,"wvoQtDWsFy9",2,"ad Madagali"
"NGA_3_106",,"GlcpSBFFUZF",2,"ad Maiha"
"NGA_3_107",,"PekU6CGZl4z",2,"ad Mayo-Belwa"
"NGA_3_108",,"DqggvhYh4iJ",2,"ad Michika"
"NGA_3_109",,"Lfi7NDdKEEs",2,"ad Mubi North"
"NGA_3_110",,"m6LBTfgy4N4",2,"ad Mubi South"
"NGA_3_111",,"Z0saBqitaCS",2,"ad Numan"
"NGA_3_112",,"LH0JbbkkKBP",2,"ad Shelleng"
"NGA_3_113",,"FlBE3mL1gu7",2,"ad Song"
"NGA_3_114",,"IlQNjQ4xhtJ",2,"ad Toungo"
"NGA_3_115",,"f8yDBoPVWu1",2,"ad Yola North"
"NGA_3_116",,"ygm0La5inNU",2,"ad Yola South"
"NGA_3_117",,"Ci3pNStApME",2,"ba Alkaleri"
"NGA_3_118",,"BzVMcmlV7bF",2,"ba Bauchi"
"NGA_3_119",,"S809bXXP7Fv",2,"ba Bogoro"
"NGA_3_120",,"x8OYFzpULVk",2,"ba Damban"
"NGA_3_121",,"YDeeZ5qc9GH",2,"ba Darazo"
"NGA_3_122",,"keN9s8FpxDq",2,"ba Dass"
"NGA_3_123",,"gRNPhXiBuz0",2,"ba Gamawa"
"NGA_3_124",,"WLCeQxnQcYa",2,"ba Ganjuwa"
"NGA_3_125",,"oxcaQN6VXDF",2,"ba Giade"
"NGA_3_126",,"UCkm3Xfi1pW",2,"ba Itas-Gadau"
"NGA_3_127",,"R44BnPDW4MP",2,"ba Jama'are"
"NGA_3_128",,"GP2BJihG1v6",2,"ba Katagum"
"NGA_3_129",,"YvQJTMAxBGq",2,"ba Kirfi"
"NGA_3_130",,"F5eeDhZQibe",2,"ba Misau"
"NGA_3_131",,"DSafrXaCblk",2,"ba Ningi"
"NGA_3_132",,"ATFOMtmPNUT",2,"ba Shira"
"NGA_3_133",,"axJ2Bz7NMBy",2,"ba Tafawa-Balewa"
"NGA_3_134",,"Rag21iTLDMN",2,"ba Toro"
"NGA_3_135",,"dIi3XUCSsXQ",2,"ba Warji"
"NGA_3_136",,"xq8JtKyFs3r",2,"ba Zaki"
"NGA_3_137",,"CUS7o0LhAty",2,"bo Abadam"
"NGA_3_138",,"B6B6G0suyIH",2,"bo Askira-Uba"
"NGA_3_139",,"cff8nY3Y9t6",2,"bo Bama"
"NGA_3_140",,"IoVUPBw3cBJ",2,"bo Bayo"
"NGA_3_141",,"nUCOl5r6nTX",2,"bo Biu"
"NGA_3_142",,"XgcKWaZe33a",2,"bo Chibok"
"NGA_3_143",,"DEPsFEGZ6jU",2,"bo Damboa"
"NGA_3_144",,"SqVuiOLlKb8",2,"bo Dikwa"
"NGA_3_145",,"Ssbz4SEc1IM",2,"bo Gubio"
"NGA_3_146",,"ZeCCooHQrB4",2,"bo Guzamala"
"NGA_3_147",,"MdJ6fZJNIWg",2,"bo Gwoza"
"NGA_3_148",,"JvtwguXEkD5",2,"bo Hawul"
"NGA_3_149",,"GeeiQ1SxW8a",2,"bo Jere"
"NGA_3_150",,"nvpWc1dxZ2a",2,"bo Kaga"
"NGA_3_151",,"vSNtNuibM9P",2,"bo Kala-Balge"
"NGA_3_152",,"h4dMPsRKUmh",2,"bo Konduga"
"NGA_3_153",,"iE5LhdbOoQI",2,"bo Kukawa"
"NGA_3_154",,"v9EkkU2JyKZ",2,"bo Kwaya Kusar"
"NGA_3_155",,"ynzQSRhyaHe",2,"bo Mafa"
"NGA_3_156",,"ZtstX7En5ot",2,"bo Magumeri"
"NGA_3_157",,"qhRYYAbgQVH",2,"bo Maiduguri"
"NGA_3_158",,"js4XVdXgkfq",2,"bo Marte"
"NGA_3_159",,"aBEaAM8Eabm",2,"bo Mobbar"
"NGA_3_160",,"I5QvelpUvDa",2,"bo Monguno"
"NGA_3_161",,"WQwHVPPsqW2",2,"bo Ngala"
"NGA_3_162",,"a76Ey6R5Ynz",2,"bo Nganzai"
"NGA_3_163",,"xJCynBk9mXI",2,"bo Shani"
"NGA_3_164",,"hQDiS6TSZdz",2,"go Akko"
"NGA_3_165",,"MMtwgHXDdXV",2,"go Balanga"
"NGA_3_166",,"NeOiTtsL5sa",2,"go Billiri"
"NGA_3_167",,"VQgRF8xzLJH",2,"go Dukku"
"NGA_3_168",,"ar43MQufI9v",2,"go Funakaye"
"NGA_3_169",,"kbvQ8m0PGSU",2,"go Gombe"
"NGA_3_170",,"VFdjWHMxQJ7",2,"go Kaltungo"
"NGA_3_171",,"ipw9D3TRP8p",2,"go Kwami"
"NGA_3_172",,"fgDvaz58q64",2,"go Nafada-Bajoga"
"NGA_3_173",,"gArfGStpgDM",2,"go Shongom"
"NGA_3_174",,"Dz65VTZfbUd",2,"go Yamaltu-Deba"
"NGA_3_175",,"H5GOeDtLBhH",2,"ta Ardo-kola"
"NGA_3_176",,"lXfgXUKqsUm",2,"ta Bali"
"NGA_3_177",,"aKSDHehzXnK",2,"ta Donga"
"NGA_3_178",,"nb8lDm5Kxwr",2,"ta Gashaka"
"NGA_3_179",,"rDwTrMp6vv2",2,"ta Gassol"
"NGA_3_180",,"F2Cl8Zfwmt8",2,"ta Ibi"
"NGA_3_181",,"SQwOj385pC9",2,"ta Jalingo"
"NGA_3_182",,"U2CLKBu9ujk",2,"ta Karin-Lamido"
"NGA_3_183",,"brUuT9VMVFK",2,"ta Kurmi"
"NGA_3_184",,"kLf49CxvV8q",2,"ta Lau"
"NGA_3_185",,"kK6VT8uaxyv",2,"ta Sardauna"
"NGA_3_186",,"RVH0MzfkLrW",2,"ta Takum"
"NGA_3_187",,"ItOKwnnX5uy",2,"ta Ussa"
"NGA_3_188",,"klGoPCX1HTv",2,"ta Wukari"
"NGA_3_189",,"sOXGqHbV8Ji",2,"ta Yorro"
"NGA_3_190",,"Sn2IQYMF2pQ",2,"ta Zing"
"NGA_3_191",,"FLrj0Vb8jh2",2,"yo Bade"
"NGA_3_192",,"yMpsqMmo7oI",2,"yo Bursari"
"NGA_3_193",,"fhHfL7tA9l8",2,"yo Damaturu"
"NGA_3_194",,"sUHLkFR6mEd",2,"yo Fika"
"NGA_3_195",,"p7SAVi1RX6S",2,"yo Fune"
"NGA_3_196",,"VdbX8KqjeJa",2,"yo Geidam"
"NGA_3_197",,"hMDFkMbJ3w6",2,"yo Gujba"
"NGA_3_198",,"zrM1BT9UvRe",2,"yo Gulani"
"NGA_3_199",,"VND5WSq5w5Z",2,"yo Jakusko"
"NGA_3_200",,"d8TsB5IWT3K",2,"yo Karasuwa"
"NGA_3_201",,"pEXfJwykmi5",2,"yo Machina"
"NGA_3_202",,"HIRvIJ4Phtk",2,"yo Nangere"
"NGA_3_203",,"nw2xsoZj1Qf",2,"yo Nguru"
"NGA_3_204",,"wXVrXNmb0Gl",2,"yo Potiskum"
"NGA_3_205",,"mYpTNEl06Rp",2,"yo Tarmuwa"
"NGA_3_206",,"XGNY7RJSFaK",2,"yo Yunusari"
"NGA_3_207",,"xwVots58cXd",2,"yo Yusufari"
"NGA_3_208",,"XBIWanrEkbP",2,"ak Abak"
"NGA_3_209",,"ALVyRcoCEeE",2,"ak Eastern Obolo"
"NGA_3_210",,"LtNhTo6ObDy",2,"ak Eket"
"NGA_3_211",,"DbuyCcoGr3o",2,"ak Esit Eket"
"NGA_3_212",,"Z5atgpujIuB",2,"ak Essien Udim"
"NGA_3_213",,"KF4B3lAghd8",2,"ak Etim Ekpo"
"NGA_3_214",,"fpXkddgSxc2",2,"ak Etinan"
"NGA_3_215",,"KTBSBPINZ9K",2,"ak Ibeno"
"NGA_3_216",,"FJORitdoOgZ",2,"ak Ibesikpo Asutan"
"NGA_3_217",,"RFu8InHRI0P",2,"ak Ibiono Ibom"
"NGA_3_218",,"uU7VK6bHY0b",2,"ak Ika"
"NGA_3_219",,"QyiNd4lpoYO",2,"ak Ikono"
"NGA_3_220",,"KXQgiiDCxNB",2,"ak Ikot Abasi"
"NGA_3_221",,"Hav0LhcZr8l",2,"ak Ikot Ekpene"
"NGA_3_222",,"UEO4kGjgWGz",2,"ak Ini"
"NGA_3_223",,"zxPmBggJpRL",2,"ak Itu"
"NGA_3_224",,"UcOzBtlIxjs",2,"ak Mbo"
"NGA_3_225",,"U76V7Aagy0M",2,"ak Mkpat Enin"
"NGA_3_226",,"bTbhVIeXl5B",2,"ak Nsit Atai"
"NGA_3_227",,"QzoJtRtnwEK",2,"ak Nsit Ibom"
"NGA_3_228",,"uURIdxN44t7",2,"ak Nsit Ubium"
"NGA_3_229",,"OcjOTIIz6PZ",2,"ak Obot Akara"
"NGA_3_230",,"yNiTlEQJJOr",2,"ak Okobo"
"NGA_3_231",,"qEnUjTAp97f",2,"ak Onna"
"NGA_3_232",,"Aa1whDXzJ2c",2,"ak Oron"
"NGA_3_233",,"R3xzKk95P1a",2,"ak Oruk Anam"
"NGA_3_234",,"iyBox8IdIwz",2,"ak Udung Uko"
"NGA_3_235",,"VrBYQf8rbPc",2,"ak Ukanafun"
"NGA_3_236",,"fxkXzAmjGtQ",2,"ak Uruan"
"NGA_3_237",,"HqzA0kbnPTT",2,"ak Urue-Offong-Oruko"
"NGA_3_238",,"HzF1QcC3jfm",2,"ak Uyo"
"NGA_3_239",,"e340iNYBFKT",2,"by Brass"
"NGA_3_240",,"WzDT4si39yH",2,"by Ekeremor"
"NGA_3_241",,"NncixRTUNA8",2,"by Kolokuma-Opokuma"
"NGA_3_242",,"h5mI0PnkLy2",2,"by Nembe"
"NGA_3_243",,"UPDz1QKEaPi",2,"by Ogbia"
"NGA_3_244",,"a7N7uRgXtvy",2,"by Sagbama"
"NGA_3_245",,"XrKyi1pvgsU",2,"by Southern IJaw"
"NGA_3_246",,"zr3XYkgbfIc",2,"by Yenagoa"
"NGA_3_247",,"e7J1RT47WsJ",2,"cr Abi"
"NGA_3_248",,"NIaJ9yoGyDs",2,"cr Akamkpa"
"NGA_3_249",,"R40riAkajr9",2,"cr Akpabuyo"
"NGA_3_250",,"XZLfq0naEiG",2,"cr Bakassi"
"NGA_3_251",,"uUHJXESBL6v",2,"cr Bekwarra"
"NGA_3_252",,"proG1Con5sh",2,"cr Biase"
"NGA_3_253",,"virmrpkYGXf",2,"cr Boki"
"NGA_3_254",,"KmN1vtO0Xv3",2,"cr Calabar Municipal"
"NGA_3_255",,"CXhkcOKexa8",2,"cr Calabar South"
"NGA_3_256",,"HySQRcghuzV",2,"cr Etung"
"NGA_3_257",,"GIXuVsi53km",2,"cr Ikom"
"NGA_3_258",,"dhr29sgXCMz",2,"cr Obanliku"
"NGA_3_259",,"QYalSmXneXl",2,"cr Obubra"
"NGA_3_260",,"Z9MZT1BTsJ5",2,"cr Obudu"
"NGA_3_261",,"gsS9Cpuu01y",2,"cr Odukpani"
"NGA_3_262",,"pQ5yVgpTBiz",2,"cr Ogoja"
"NGA_3_263",,"ErgzW0NbtKg",2,"cr Yakuur"
"NGA_3_264",,"rtUy9A3YHEU",2,"cr Yala"
"NGA_3_265",,"sOvdseHOfPM",2,"de Aniocha North"
"NGA_3_266",,"jjdlSy7XvmM",2,"de Aniocha South"
"NGA_3_267",,"vIWJt7NIoFp",2,"de Bomadi"
"NGA_3_268",,"AMSQzhoDGn0",2,"de Burutu"
"NGA_3_269",,"rGJKS4OLyqd",2,"de Ethiope East"
"NGA_3_270",,"ozapfg9XcmM",2,"de Ethiope West"
"NGA_3_271",,"fSlbRfrxgBX",2,"de Ika North East"
"NGA_3_272",,"Q7RlCFBv0PT",2,"de Ika South"
"NGA_3_273",,"RXyzOWGy8sf",2,"de Isoko North"
"NGA_3_274",,"X8NUW1sxr3s",2,"de Isoko South"
"NGA_3_275",,"nzvY9GKkpym",2,"de Ndokwa East"
"NGA_3_276",,"ip6npch0teY",2,"de Ndokwa West"
"NGA_3_277",,"TF6DZGTsVO2",2,"de Okpe"
"NGA_3_278",,"qUFyVUUSqUb",2,"de Oshimili North"
"NGA_3_279",,"pA7KmJWZWi5",2,"de Oshimili South"
"NGA_3_280",,"G1wJbuwm1Pj",2,"de Patani"
"NGA_3_281",,"c8wRDtzO14l",2,"de Sapele"
"NGA_3_282",,"KEKFFPFTneN",2,"de Udu"
"NGA_3_283",,"XYbM1RspaLs",2,"de Ughelli North"
"NGA_3_284",,"EQLuOekanSM",2,"de Ughelli South"
"NGA_3_285",,"h1vcs9cuaTf",2,"de Ukwuani"
"NGA_3_286",,"yyaZXER8YfR",2,"de Uvwie"
"NGA_3_287",,"zKZKB0aNzsZ",2,"de Warri North"
"NGA_3_288",,"MNVESOkGZ0T",2,"de Warri South"
"NGA_3_289",,"F2sisT8xwGl",2,"de Warri South-West"
"NGA_3_290",,"pQHIzaJsi8t",2,"ed Akoko Edo"
"NGA_3_291",,"NYHYee8uWfQ",2,"ed Egor"
"NGA_3_292",,"lMKXLq9dXVW",2,"ed Esan Central"
"NGA_3_293",,"a661mTq8jD4",2,"ed Esan North-East"
"NGA_3_294",,"MgiGNCxuQsJ",2,"ed Esan South-East"
"NGA_3_295",,"vB0zMLI52Y0",2,"ed Esan West"
"NGA_3_296",,"p3BuvMLV3IA",2,"ed Etsako Central"
"NGA_3_297",,"GxvqAACzQY4",2,"ed Etsako East "
"NGA_3_298",,"fYRobXvSy5e",2,"ed Etsako West"
"NGA_3_299",,"Ne0WWZQ8HJ5",2,"ed Igueben"
"NGA_3_300",,"n6VEZ4pTBrX",2,"ed Ikpoba-Okha"
"NGA_3_301",,"WOZEZlUXOvg",2,"ed Oredo"
"NGA_3_302",,"qkLeWHFPNM6",2,"ed Orhionmwon"
"NGA_3_303",,"X6OJDLsUnzI",2,"ed Ovia North-East"
"NGA_3_304",,"c8v5QxYg2ce",2,"ed Ovia South-West"
"NGA_3_305",,"bCyBh5BKp0Q",2,"ed Owan East"
"NGA_3_306",,"l5vfZdLFrQB",2,"ed Owan West"
"NGA_3_307",,"cgWurQSVEBH",2,"ed Uhunmwonde"
"NGA_3_308",,"ObllIYWxwRA",2,"ri Abua-Odual"
"NGA_3_309",,"GBwKRrWGuVY",2,"ri Ahoada East"
"NGA_3_310",,"Nd9sbZcqorj",2,"ri Ahoada West"
"NGA_3_311",,"gdQCMg31viH",2,"ri Akuku Toru"
"NGA_3_312",,"pp8zV2OXmvU",2,"ri Andoni"
"NGA_3_313",,"SExBRzuDiYb",2,"ri Asari-Toru"
"NGA_3_314",,"kyuGgrpjwZF",2,"ri Bonny"
"NGA_3_315",,"O9l6BemolrN",2,"ri Degema"
"NGA_3_316",,"UdnUbXV7O9o",2,"ri Eleme"
"NGA_3_317",,"UGwCX5IBQQj",2,"ri Emohua"
"NGA_3_318",,"y5pPli7WP1V",2,"ri Etche"
"NGA_3_319",,"N0dXOBSVO7k",2,"ri Gokana"
"NGA_3_320",,"SL33bchlaKT",2,"ri Ikwerre"
"NGA_3_321",,"sZumF7t54ek",2,"ri Khana"
"NGA_3_322",,"QUXP7f16K3Z",2,"ri Obio-Akpor"
"NGA_3_323",,"xZFseUogJWo",2,"ri Ogba-Egbema-Ndoni"
"NGA_3_324",,"wXnjvr9p2zU",2,"ri Ogu-Bolo"
"NGA_3_325",,"nNo5gV3to2B",2,"ri Okrika"
"NGA_3_326",,"xdzbsxe1MQa",2,"ri Omumma"
"NGA_3_327",,"RgaAXlRX33Y",2,"ri Opobo-Nkoro"
"NGA_3_328",,"I0tQo5iW5NZ",2,"ri Oyigbo"
"NGA_3_329",,"y3iWYd0poWG",2,"ri Port-Harcourt"
"NGA_3_330",,"tFy20OB0Wyw",2,"ri Tai "
"NGA_3_331",,"qRUSFz9WFB6",2,"be Ado"
"NGA_3_332",,"lUn6tmhyebg",2,"be Agatu"
"NGA_3_333",,"OG6fY4TsvRM",2,"be Apa"
"NGA_3_334",,"QBFbFh5zJWX",2,"be Buruku"
"NGA_3_335",,"i0MUgv6vIAM",2,"be Gboko"
"NGA_3_336",,"YbtVeNOCICl",2,"be Guma"
"NGA_3_337",,"PJJsxvEhEW5",2,"be Gwer East"
"NGA_3_338",,"bU41bAD1r84",2,"be Gwer West"
"NGA_3_339",,"DluyXbyv63Q",2,"be Katsina-Ala"
"NGA_3_340",,"gpgLJrma8Tm",2,"be Konshisha"
"NGA_3_341",,"v7xGqiid6Pg",2,"be Kwande"
"NGA_3_342",,"ZewNOZ5xMp9",2,"be Logo"
"NGA_3_343",,"Q2Gb99dokfK",2,"be Makurdi"
"NGA_3_344",,"PuJqb4zMn4A",2,"be Obi"
"NGA_3_345",,"TaAqWZoyAof",2,"be Ogbadibo"
"NGA_3_346",,"nWLwNNNzJ7N",2,"be Ohimini"
"NGA_3_347",,"L9g3RB3Jqy3",2,"be Oju"
"NGA_3_348",,"Sf0fPuVTEf1",2,"be Okpokwu"
"NGA_3_349",,"RM45QszoeEi",2,"be Otukpo"
"NGA_3_350",,"eFnaQTWW1DC",2,"be Tarka"
"NGA_3_351",,"cvkiCumu2an",2,"be Ukum"
"NGA_3_352",,"apUWJiF9sQ2",2,"be Ushongo"
"NGA_3_353",,"FJ28GRyMVq9",2,"be Vandeikya"
"NGA_3_354",,"nX918whVxYP",2,"fc Abaji"
"NGA_3_355",,"uosU9sINAPe",2,"fc Abuja Municipal Area Council"
"NGA_3_356",,"JkmyrqDGshk",2,"fc Bwari"
"NGA_3_357",,"V91ICEXLeks",2,"fc Gwagwalada"
"NGA_3_358",,"qK6jo6jLIav",2,"fc Kuje"
"NGA_3_359",,"sQbPVIKsxwT",2,"fc Kwali"
"NGA_3_360",,"WK5gDvZgOD6",2,"ko Adavi"
"NGA_3_361",,"xJy5KJJn8gz",2,"ko Ajaokuta"
"NGA_3_362",,"logPshzwZGg",2,"ko Ankpa"
"NGA_3_363",,"merMznnVwIA",2,"ko Bassa"
"NGA_3_364",,"OQ5fZjjCoDR",2,"ko Dekina"
"NGA_3_365",,"cNr80ZanaDp",2,"ko Ibaji"
"NGA_3_366",,"xwBUYtnRhqv",2,"ko Idah"
"NGA_3_367",,"spxEj5Dlg70",2,"ko Igalamela-Odolu"
"NGA_3_368",,"JdodeJT1030",2,"ko Ijumu"
"NGA_3_369",,"LRXpCvMxrYU",2,"ko Kabba Bunu"
"NGA_3_370",,"XKv4TrYPA47",2,"ko Kogi"
"NGA_3_371",,"D4zacvYxq0b",2,"ko Lokoja"
"NGA_3_372",,"CdZWAGT8Qes",2,"ko Mopa-Muro"
"NGA_3_373",,"MvoR4rmtllj",2,"ko Ofu"
"NGA_3_374",,"cMvadwiBado",2,"ko Ogori-Magongo"
"NGA_3_375",,"ROj1N52eCYd",2,"ko Okehi"
"NGA_3_376",,"WKSMZvuda1v",2,"ko Okene"
"NGA_3_377",,"Re4VU7MrOUM",2,"ko Olamaboro"
"NGA_3_378",,"deDUnu6PVkl",2,"ko Omala"
"NGA_3_379",,"wYSTfYinFO7",2,"ko Yagba East"
"NGA_3_380",,"BvUDTXGnj8s",2,"ko Yagba West"
"NGA_3_381",,"E1WP6qD8CZm",2,"kw Asa"
"NGA_3_382",,"AYikj7W0R0w",2,"kw Baruten"
"NGA_3_383",,"VrDETBStvFP",2,"kw Edu"
"NGA_3_384",,"sEvO47HfVfV",2,"kw Ekiti"
"NGA_3_385",,"V9SCtrA3Uh5",2,"kw Ifelodun"
"NGA_3_386",,"FxENiNIpifl",2,"kw Ilorin East"
"NGA_3_387",,"L589JlvsLup",2,"kw Ilorin South"
"NGA_3_388",,"IhUKbniSTiQ",2,"kw Ilorin West"
"NGA_3_389",,"BxzOTRISQFy",2,"kw Irepodun"
"NGA_3_390",,"JrlQdGeVnSa",2,"kw Isin"
"NGA_3_391",,"HOgqXpFfAgJ",2,"kw Kaiama"
"NGA_3_392",,"P9k9CPeUisR",2,"kw Moro"
"NGA_3_393",,"syjevgeVeYf",2,"kw Offa"
"NGA_3_394",,"P4AJqqADkFr",2,"kw Oke Ero"
"NGA_3_395",,"FT85lF1kbUI",2,"kw Oyun"
"NGA_3_396",,"DZdOPZ0KKX8",2,"kw Patigi "
"NGA_3_397",,"tKAh5zuMYhT",2,"na Akwanga"
"NGA_3_398",,"K17UuwVu7Jf",2,"na Awe"
"NGA_3_399",,"tGdZvabgJw6",2,"na Doma"
"NGA_3_400",,"EusV10zkN3t",2,"na Karu"
"NGA_3_401",,"IbcfQbdZNdC",2,"na Keana"
"NGA_3_402",,"gZ8SPQ2CKQG",2,"na Keffi"
"NGA_3_403",,"JBqBHvcmICE",2,"na Kokona"
"NGA_3_404",,"TMbbzVpDDad",2,"na Lafia"
"NGA_3_405",,"PM4sFTtfJQa",2,"na Nasarawa"
"NGA_3_406",,"MZ2jaWNX1Oq",2,"na Nasarawa Eggon"
"NGA_3_407",,"ljMQwl1DOCb",2,"na Obi"
"NGA_3_408",,"rQBtRTixEgZ",2,"na Toto"
"NGA_3_409",,"ldTia6dCApK",2,"na Wamba"
"NGA_3_410",,"lPbWOmkCL2b",2,"ni Agaie"
"NGA_3_411",,"Hv2MoShsZw0",2,"ni Agwara"
"NGA_3_412",,"bT2GvywtrWr",2,"ni Bida"
"NGA_3_413",,"n1p57xvZS27",2,"ni Borgu"
"NGA_3_414",,"rWxhYYc4CUd",2,"ni Bosso"
"NGA_3_415",,"zDW6C2cJ9zt",2,"ni Chanchaga"
"NGA_3_416",,"UznsLpQC71p",2,"ni Edati"
"NGA_3_417",,"JBG1Q6nxI90",2,"ni Gbako"
"NGA_3_418",,"nuDn0S9i6sk",2,"ni Gurara"
"NGA_3_419",,"UpkhGdjtFUs",2,"ni Katcha"
"NGA_3_420",,"J3K9h8I4IBV",2,"ni Kontagora "
"NGA_3_421",,"JP7S5oKBlf2",2,"ni Lapai"
"NGA_3_422",,"idG1XlGCMTq",2,"ni Lavun"
"NGA_3_423",,"kuQXJAjDaCJ",2,"ni Magama"
"NGA_3_424",,"KeCUS5x3EgL",2,"ni Mariga"
"NGA_3_425",,"YRqSIEu2EBe",2,"ni Mashegu"
"NGA_3_426",,"NhVur1uOseT",2,"ni Mokwa"
"NGA_3_427",,"HTynaak9XDD",2,"ni Muya"
"NGA_3_428",,"Fq5ztsHKN20",2,"ni Paikoro"
"NGA_3_429",,"GMnfyPIKHxo",2,"ni Rafi"
"NGA_3_430",,"SbFrewIebN4",2,"ni Rijau"
"NGA_3_431",,"c4BzVjGvVi8",2,"ni Shiroro"
"NGA_3_432",,"M7plide67qX",2,"ni Suleja"
"NGA_3_433",,"WJ7Ba8U4Yoq",2,"ni Tafa"
"NGA_3_434",,"xqcqxtydENu",2,"ni Wushishi"
"NGA_3_435",,"gevUQQwMYsl",2,"pl Barkin Ladi"
"NGA_3_436",,"fRmH1IcpdA7",2,"pl Bassa"
"NGA_3_437",,"D1XE609n41l",2,"pl Bokkos"
"NGA_3_438",,"txdQuyYCpbb",2,"pl Jos East"
"NGA_3_439",,"Kxb2aLH6aQE",2,"pl Jos North"
"NGA_3_440",,"zBpF1qbeHxk",2,"pl Jos South"
"NGA_3_441",,"KW1MmI5AJ5C",2,"pl Kanam"
"NGA_3_442",,"h4GiCPKLpaj",2,"pl Kanke"
"NGA_3_443",,"giwECr4xdr7",2,"pl Langtang North"
"NGA_3_444",,"ol9Cy7ZHtmM",2,"pl Langtang South"
"NGA_3_445",,"vnYPxzWEwMO",2,"pl Mangu"
"NGA_3_446",,"DU7QFC4eurr",2,"pl Mikang"
"NGA_3_447",,"VsRXIP925Kr",2,"pl Pankshin"
"NGA_3_448",,"iWTaRRoO3JH",2,"pl Qua'an Pan"
"NGA_3_449",,"FaxOzvxNTmQ",2,"pl Riyom"
"NGA_3_450",,"xcD0RUmcq3U",2,"pl Shendam"
"NGA_3_451",,"E7AUIdZIUma",2,"pl Wase"
"NGA_3_452",,"w537PeRTb2k",2,"ek Ado-Ekiti"
"NGA_3_453",,"v6VKDsRhry2",2,"ek Efon"
"NGA_3_454",,"Z8NBMmojNEN",2,"ek Ekiti East"
"NGA_3_455",,"gaRACh9QB6a",2,"ek Ekiti South-West"
"NGA_3_456",,"WFsEvMCIS56",2,"ek Ekiti West"
"NGA_3_457",,"LoolSVHi1Jq",2,"ek Emure"
"NGA_3_458",,"MtwzdW6p7T4",2,"ek Gbonyin"
"NGA_3_459",,"WCjxJ6kxKRS",2,"ek Ido-Osi"
"NGA_3_460",,"GBgnruQv8ym",2,"ek Ijero"
"NGA_3_461",,"FLIkT6NShZE",2,"ek Ikere"
"NGA_3_462",,"n3F9ZEqPUtq",2,"ek Ikole"
"NGA_3_463",,"QeuyxdulDDC",2,"ek Ilejemeje"
"NGA_3_464",,"ZoU6u0WrIM1",2,"ek Irepodun-Ifelodun"
"NGA_3_465",,"jeHlpPF831R",2,"ek Ise-Orun"
"NGA_3_466",,"An7rsUOrIhI",2,"ek Moba"
"NGA_3_467",,"Ewz6HKTS15C",2,"ek Oye"
"NGA_3_468",,"OycwDoCnlAB",2,"la Agege"
"NGA_3_469",,"tkA4PRXk0W7",2,"la Ajeromi-Ifelodun"
"NGA_3_470",,"AUIjfqeZEFH",2,"la Alimosho"
"NGA_3_471",,"HOJVVYgS5vV",2,"la Amuwo-Odofin"
"NGA_3_472",,"dAeoz9ttxAz",2,"la Apapa"
"NGA_3_473",,"KVW9Io1khx7",2,"la Badagry"
"NGA_3_474",,"uzCT1lOZhL5",2,"la Epe"
"NGA_3_475",,"VHITI10xoZc",2,"la Eti-Osa"
"NGA_3_476",,"ISi4PDO97U5",2,"la Ibeju-Lekki"
"NGA_3_477",,"sSg7pUov51f",2,"la Ifako-Ijaiye"
"NGA_3_478",,"u8skYaLV6QF",2,"la Ikeja"
"NGA_3_479",,"HjGwmHbL0Y4",2,"la Ikorodu"
"NGA_3_480",,"fQ6LC2LWI8S",2,"la Kosofe"
"NGA_3_481",,"ZpDPMnrCgAN",2,"la Lagos Island"
"NGA_3_482",,"ghorQdinizS",2,"la Lagos Mainland"
"NGA_3_483",,"DvkBcDk4DRQ",2,"la Mushin"
"NGA_3_484",,"b1Z9Yv3VcVr",2,"la Ojo"
"NGA_3_485",,"lJkmYJB9kHr",2,"la Oshodi-Isolo"
"NGA_3_486",,"MxHHoeHUJ4J",2,"la Shomolu"
"NGA_3_487",,"wHyFh9VVK2m",2,"la Surulere"
"NGA_3_488",,"ac13I392HZi",2,"og Abeokuta North"
"NGA_3_489",,"DGsvApy6NF9",2,"og Abeokuta South"
"NGA_3_490",,"ZF2mGWrqp1t",2,"og Ado-Odo Ota"
"NGA_3_491",,"D19ydhlaHnt",2,"og Ewekoro"
"NGA_3_492",,"Ln5bTDtGDif",2,"og Ifo"
"NGA_3_493",,"vDdqmCWm4Ca",2,"og Ijebu East"
"NGA_3_494",,"MFGZuaAykM3",2,"og Ijebu North"
"NGA_3_495",,"jUV75YrmoXh",2,"og Ijebu North-East"
"NGA_3_496",,"pYomDDNQ6hO",2,"og Ijebu Ode"
"NGA_3_497",,"kAWl47kmoyv",2,"og Ikenne"
"NGA_3_498",,"mvsGm4vAS0k",2,"og Imeko-Afon"
"NGA_3_499",,"D6rivmJFt33",2,"og Ipokia"
"NGA_3_500",,"Li453nnViez",2,"og Obafemi Owode"
"NGA_3_501",,"NWkcNnhkkZr",2,"og Odeda"
"NGA_3_502",,"UHsCCQQ8HOl",2,"og Odogbolu"
"NGA_3_503",,"sXqBQgQKqQj",2,"og Ogun Waterside"
"NGA_3_504",,"xvaHIN4Xroj",2,"og Remo North"
"NGA_3_505",,"cx0xFi6L7Fp",2,"og Sagamu"
"NGA_3_506",,"XY5wcfahN5W",2,"og Yewa North"
"NGA_3_507",,"ewh51nY512W",2,"og Yewa South"
"NGA_3_508",,"PJ710HPntzX",2,"on Akoko North East"
"NGA_3_509",,"a1YObf4CR93",2,"on Akoko North West"
"NGA_3_510",,"SiZyocWf5kz",2,"on Akoko South East"
"NGA_3_511",,"LM0SzUjIbAE",2,"on Akoko South West"
"NGA_3_512",,"oV6tlXANpkd",2,"on Akure North"
"NGA_3_513",,"FpADQG6JcC5",2,"on Akure South"
"NGA_3_514",,"GeeOYDsTZJU",2,"on Ese-Odo"
"NGA_3_515",,"InBkYWArQFT",2,"on Idanre"
"NGA_3_516",,"Vx6DDE2P1e8",2,"on Ifedore"
"NGA_3_517",,"nxPuG6XnkxA",2,"on Ilaje"
"NGA_3_518",,"O65wXRg0Ic3",2,"on Ile Oluji Okeigbo"
"NGA_3_519",,"AZsdgJCaQWl",2,"on Irele"
"NGA_3_520",,"dZRlykTqZhw",2,"on Odigbo"
"NGA_3_521",,"cealFXAKL2I",2,"on Okitipupa"
"NGA_3_522",,"xvPzCr7ZYEE",2,"on Ondo East"
"NGA_3_523",,"GAGxDMx8uvm",2,"on Ondo West"
"NGA_3_524",,"WLQLVZAd77i",2,"on Ose"
"NGA_3_525",,"yQa2xS9x96u",2,"on Owo"
"NGA_3_526",,"tNxqnAq8Xc0",2,"os Aiyedade"
"NGA_3_527",,"ndLdNK4zUD7",2,"os Aiyedire"
"NGA_3_528",,"suKyhw89Qaq",2,"os Atakunmosa East"
"NGA_3_529",,"DWAW5pcNEL2",2,"os Atakunmosa West"
"NGA_3_530",,"ONCf0MkPt7j",2,"os Boluwaduro"
"NGA_3_531",,"k3vaaxirnVU",2,"os Boripe"
"NGA_3_532",,"h5AxqPwPdT3",2,"os Ede North"
"NGA_3_533",,"PWfDHBvn1hw",2,"os Ede South"
"NGA_3_534",,"cpcIeES6ouI",2,"os Egbedore"
"NGA_3_535",,"dzhjTRHGqu0",2,"os Ejigbo"
"NGA_3_536",,"tr5rm0vaxGG",2,"os Ife Central"
"NGA_3_537",,"Wf7A67DZQDR",2,"os Ife East"
"NGA_3_538",,"OqZ11xWhJlB",2,"os Ife North"
"NGA_3_539",,"Am4PwcNA5tQ",2,"os Ife South"
"NGA_3_540",,"CcjiElAynqW",2,"os Ifedayo"
"NGA_3_541",,"llqmYXa4TEq",2,"os Ifelodun"
"NGA_3_542",,"k9ilIScUQLb",2,"os Ila"
"NGA_3_543",,"dxMNL5PwvQa",2,"os Ilesha East"
"NGA_3_544",,"K3QRzs0XJAw",2,"os Ilesha West"
"NGA_3_545",,"Xzs7E1b7S5U",2,"os Irepodun"
"NGA_3_546",,"AIWlVFpaxFZ",2,"os Irewole"
"NGA_3_547",,"rhg7o351Ogx",2,"os Isokan"
"NGA_3_548",,"VWzOuFbOVsE",2,"os Iwo"
"NGA_3_549",,"dbhjolBPkSA",2,"os Obokun"
"NGA_3_550",,"GjyQSlHTYcS",2,"os Odo-Otin"
"NGA_3_551",,"c9h9bKztIqJ",2,"os Ola-Oluwa"
"NGA_3_552",,"kabZQyVo8MM",2,"os Olorunda"
"NGA_3_553",,"CNt1ZK0RFeB",2,"os Oriade"
"NGA_3_554",,"xPVXbnfePYE",2,"os Orolu"
"NGA_3_555",,"wLldH8OpVNF",2,"os Osogbo"
"NGA_3_556",,"IlkoZAYAoQs",2,"oy Afijio"
"NGA_3_557",,"vpR6qB6b19O",2,"oy Akinyele"
"NGA_3_558",,"vmUxBIASp0I",2,"oy Atiba"
"NGA_3_559",,"dxrlspj18NY",2,"oy Atisbo"
"NGA_3_560",,"zvDjtdkAuTP",2,"oy Egbeda"
"NGA_3_561",,"iydYKfCH5Cl",2,"oy Ibadan North"
"NGA_3_562",,"dFj2ILZVfUi",2,"oy Ibadan North-East"
"NGA_3_563",,"iZCbzoOssS4",2,"oy Ibadan North-West"
"NGA_3_564",,"CtGoE7JQAiX",2,"oy Ibadan South-East"
"NGA_3_565",,"KCu09ZdJTEL",2,"oy Ibadan South-West"
"NGA_3_566",,"AZ20YeJChyC",2,"oy Ibarapa Central"
"NGA_3_567",,"GOOy2mVNRd1",2,"oy Ibarapa East"
"NGA_3_568",,"M0ujki7803y",2,"oy Ibarapa North"
"NGA_3_569",,"QiWl2gmww69",2,"oy Ido"
"NGA_3_570",,"fV2Ogk0TO7p",2,"oy Irepo"
"NGA_3_571",,"ZA3JkbqwvuA",2,"oy Iseyin"
"NGA_3_572",,"Kcr5bLQVHEd",2,"oy Itesiwaju"
"NGA_3_573",,"bRYPnMBCWrq",2,"oy Iwajowa"
"NGA_3_574",,"XXgCDEMk4Ha",2,"oy Kajola"
"NGA_3_575",,"sjFUh2vg03X",2,"oy Lagelu"
"NGA_3_576",,"ELWNSBUCfD3",2,"oy Ogbomoso North"
"NGA_3_577",,"p7y3haZd6OO",2,"oy Ogbomoso South"
"NGA_3_578",,"yNLdrMwLReu",2,"oy Ogo Oluwa"
"NGA_3_579",,"p3M4FdE8RkC",2,"oy Olorunsogo"
"NGA_3_580",,"rWgqvOVxhQN",2,"oy Oluyole"
"NGA_3_581",,"SMv1QuqswmC",2,"oy Ona Ara"
"NGA_3_582",,"WZhoAUn8Opk",2,"oy Orelope"
"NGA_3_583",,"oJiN1pog19z",2,"oy Ori Ire"
"NGA_3_584",,"RBnV0s4V6wj",2,"oy Oyo East"
"NGA_3_585",,"YMlSzHMFp3b",2,"oy Oyo West"
"NGA_3_586",,"UTmAHL0WmBn",2,"oy Saki East"
"NGA_3_587",,"leA9yz8ggzz",2,"oy Saki West"
"NGA_3_588",,"vO4O9o8Y2Be",2,"oy Surulere"
"NGA_3_589",,"T4bC8V6Pxvf",2,"jg Auyo"
"NGA_3_590",,"J5F2X2qqq3L",2,"jg Babura"
"NGA_3_591",,"yFfZIhVPEO6",2,"jg Biriniwa"
"NGA_3_592",,"ZpjKf61i2Uc",2,"jg Birnin Kudu"
"NGA_3_593",,"SS3cAEgAw2T",2,"jg Buji"
"NGA_3_594",,"obbfFvgh8Um",2,"jg Dutse"
"NGA_3_595",,"JYp856h1BYV",2,"jg Gagarawa"
"NGA_3_596",,"xImwHFotapN",2,"jg Garki"
"NGA_3_597",,"ujfhm07rpYT",2,"jg Gumel"
"NGA_3_598",,"RgWOMoZpSj1",2,"jg Guri"
"NGA_3_599",,"WlY47shYnnr",2,"jg Gwaram"
"NGA_3_600",,"wrEDuANgaVk",2,"jg Gwiwa"
"NGA_3_601",,"vPxA5Pt1JGZ",2,"jg Hadejia"
"NGA_3_602",,"sW1EiA2DlI3",2,"jg Jahun"
"NGA_3_603",,"algIunF3eLD",2,"jg Kafin Hausa"
"NGA_3_604",,"aS2udX8k7bI",2,"jg Kaugama"
"NGA_3_605",,"WvxEjK4hxfo",2,"jg Kazaure"
"NGA_3_606",,"OPQ08mpFkNS",2,"jg Kiri Kasamma"
"NGA_3_607",,"ahLDLd3w2Xt",2,"jg Kiyawa"
"NGA_3_608",,"FuEmzawu1KF",2,"jg Maigatari"
"NGA_3_609",,"kWn84cyfCtm",2,"jg Malam Madori"
"NGA_3_610",,"eHuUs7BORtc",2,"jg Miga"
"NGA_3_611",,"f0TB3r61i5b",2,"jg Ringim"
"NGA_3_612",,"m2vUPXG3sSF",2,"jg Roni"
"NGA_3_613",,"CJ1qAtITXnn",2,"jg Sule Tankarkar"
"NGA_3_614",,"aChfL7S45l8",2,"jg Taura"
"NGA_3_615",,"cFeHqZjzf5w",2,"jg Yankwashi"
"NGA_3_616",,"z7cRKbwx8L7",2,"kd Birnin Gwari"
"NGA_3_617",,"A279VIsHpTI",2,"kd Chikun"
"NGA_3_618",,"t4pYfQ9Skx4",2,"kd Giwa"
"NGA_3_619",,"dlxwQg99WoE",2,"kd Igabi"
"NGA_3_620",,"pad3e5xOCdP",2,"kd Ikara"
"NGA_3_621",,"uFaSs80gLIx",2,"kd Jaba"
"NGA_3_622",,"vufh9kqDnPj",2,"kd Jema'a"
"NGA_3_623",,"ILwIROK4TTR",2,"kd Kachia"
"NGA_3_624",,"U42lUlqw14s",2,"kd Kaduna North"
"NGA_3_625",,"QaeAxjVVGmA",2,"kd Kaduna South"
"NGA_3_626",,"Bc82bF99cN1",2,"kd Kagarko"
"NGA_3_627",,"Vpd9OutI5QE",2,"kd Kajuru"
"NGA_3_628",,"tkNy2sER8xX",2,"kd Kaura"
"NGA_3_629",,"fk5t7pAg7Cm",2,"kd Kauru"
"NGA_3_630",,"k2dAp9r2mRa",2,"kd Kubau"
"NGA_3_631",,"tXeGc4P4bXe",2,"kd Kudan"
"NGA_3_632",,"xgIRJYISVOB",2,"kd Lere"
"NGA_3_633",,"oPl04jv6omI",2,"kd Makarfi"
"NGA_3_634",,"n81KW6HQJ9Q",2,"kd Sabon Gari"
"NGA_3_635",,"igUyFcgaVHP",2,"kd Sanga"
"NGA_3_636",,"sWKNZPZj231",2,"kd Soba"
"NGA_3_637",,"LRJl5ilFu2M",2,"kd Zango-Kataf"
"NGA_3_638",,"bKXKmhOnPpK",2,"kd Zaria"
"NGA_3_639",,"qScxHQJRXT2",2,"kn Ajingi"
"NGA_3_640",,"WPpXY9AvyHg",2,"kn Albasu"
"NGA_3_641",,"LQ07jvCf7L7",2,"kn Bagwai"
"NGA_3_642",,"TRlSNplN5Jg",2,"kn Bebeji"
"NGA_3_643",,"Ndb1V96smxI",2,"kn Bichi"
"NGA_3_644",,"e3D11bIhjMM",2,"kn Bunkure"
"NGA_3_645",,"i39m25bqb6I",2,"kn Dala"
"NGA_3_646",,"qJxw5bx87ef",2,"kn Dambatta"
"NGA_3_647",,"QuSjorQMTIB",2,"kn Dawakin Kudu"
"NGA_3_648",,"lxaYSoNWlnj",2,"kn Dawakin Tofa"
"NGA_3_649",,"bFp5n4wtPuS",2,"kn Doguwa"
"NGA_3_650",,"WdewJdiYf0U",2,"kn Fagge"
"NGA_3_651",,"mHXT2rANtG6",2,"kn Gabasawa"
"NGA_3_652",,"eszzmm9ElDQ",2,"kn Garko"
"NGA_3_653",,"ObXsOXMfFKl",2,"kn Garum Mallam"
"NGA_3_654",,"ytb5bLhe4XQ",2,"kn Gaya"
"NGA_3_655",,"pK6V4j3qOzW",2,"kn Gezawa"
"NGA_3_656",,"jdlsTHZtuOE",2,"kn Gwale"
"NGA_3_657",,"M7JgWP2RFy2",2,"kn Gwarzo"
"NGA_3_658",,"rHIUe15ZV19",2,"kn Kabo"
"NGA_3_659",,"sD1YPwvBkpv",2,"kn Kano Municipal"
"NGA_3_660",,"PHt2f7SlMsk",2,"kn Karaye"
"NGA_3_661",,"jWZPRJUEiFJ",2,"kn Kibiya"
"NGA_3_662",,"npR1mmZD3MR",2,"kn Kiru"
"NGA_3_663",,"pdPUuTMC9Y9",2,"kn Kumbotso"
"NGA_3_664",,"I2rGvpGOy25",2,"kn Kunchi"
"NGA_3_665",,"IkjqwHIYoJZ",2,"kn Kura"
"NGA_3_666",,"itgq4MoNDVI",2,"kn Madobi"
"NGA_3_667",,"RMEbH3T3o0l",2,"kn Makoda"
"NGA_3_668",,"o1OVapsXXrH",2,"kn Minjibir"
"NGA_3_669",,"u813QHCYeuq",2,"kn Nassarawa"
"NGA_3_670",,"cH8gyiz4Kyy",2,"kn Rano"
"NGA_3_671",,"gXzbTBd3j3Y",2,"kn Rimin Gado"
"NGA_3_672",,"QH3Meqh4VJQ",2,"kn Rogo"
"NGA_3_673",,"M6afPJHQb72",2,"kn Shanono"
"NGA_3_674",,"PEMshgXYnEs",2,"kn Sumaila"
"NGA_3_675",,"wOuof2XtCzo",2,"kn Takai"
"NGA_3_676",,"bEYcwtSvhR6",2,"kn Tarauni"
"NGA_3_677",,"hAZCYOuJZBb",2,"kn Tofa"
"NGA_3_678",,"uzq1THfmxvH",2,"kn Tsanyawa"
"NGA_3_679",,"zsRdNJpmNeE",2,"kn Tudun Wada"
"NGA_3_680",,"ULLI5OowYdm",2,"kn Ungogo"
"NGA_3_681",,"DHXag0phdG0",2,"kn Warawa"
"NGA_3_682",,"vDDwD4zbB1o",2,"kn Wudil"
"NGA_3_683",,"E7bvNe8kEF0",2,"kt Bakori"
"NGA_3_684",,"dURSfL69IMw",2,"kt Batagarawa"
"NGA_3_685",,"duzPZ6Bukjf",2,"kt Batsari"
"NGA_3_686",,"eDBqlezxH0a",2,"kt Baure"
"NGA_3_687",,"dutkWvnYS9i",2,"kt Bindawa"
"NGA_3_688",,"aoi69JaAW3P",2,"kt Charanchi"
"NGA_3_689",,"H3TXFP8cHtr",2,"kt Dan Musa"
"NGA_3_690",,"O3zSmYC7dRp",2,"kt Dandume"
"NGA_3_691",,"GbrZHS1OjjD",2,"kt Danja"
"NGA_3_692",,"QGI0cnzjZIP",2,"kt Daura"
"NGA_3_693",,"oZK7wQ8AS05",2,"kt Dutsi"
"NGA_3_694",,"PwTVkZPuTDA",2,"kt Dutsin-Ma"
"NGA_3_695",,"AUZAz1oqQ7F",2,"kt Faskari"
"NGA_3_696",,"uYJi1Sc1OlZ",2,"kt Funtua"
"NGA_3_697",,"clxrlIljUkQ",2,"kt Ingawa"
"NGA_3_698",,"tiBbmPwovlH",2,"kt Jibia"
"NGA_3_699",,"UbrsWhXj70k",2,"kt Kafur"
"NGA_3_700",,"Mq9Y1QEWTTf",2,"kt Kaita"
"NGA_3_701",,"Oc78WrIzv4O",2,"kt Kankara"
"NGA_3_702",,"WeHFx8CmMqV",2,"kt Kankia"
"NGA_3_703",,"XDgdj9Pdsiq",2,"kt Katsina"
"NGA_3_704",,"Lge2fmokEKv",2,"kt Kurfi"
"NGA_3_705",,"ACvgKttmG58",2,"kt Kusada"
"NGA_3_706",,"jHgdqXImWVH",2,"kt Mai'Adua"
"NGA_3_707",,"b3NvwiCilSH",2,"kt Malumfashi"
"NGA_3_708",,"AmRHP7t5r7s",2,"kt Mani"
"NGA_3_709",,"CxUtCqUjMHr",2,"kt Mashi"
"NGA_3_710",,"gp5qHsPu52e",2,"kt Matazu"
"NGA_3_711",,"A8BaTswwST4",2,"kt Musawa"
"NGA_3_712",,"KX6WxCBO8sd",2,"kt Rimi"
"NGA_3_713",,"P5LcMSudkwP",2,"kt Sabuwa"
"NGA_3_714",,"smhArjDWLuv",2,"kt Safana"
"NGA_3_715",,"F8RVAawTj3q",2,"kt Sandamu"
"NGA_3_716",,"cSqqluzYmPt",2,"kt Zango"
"NGA_3_717",,"BZ0DpSTBjIr",2,"ke Aleiro"
"NGA_3_718",,"cyhHIcJZjHi",2,"ke Arewa-Dandi"
"NGA_3_719",,"bhS2NNwWzkb",2,"ke Argungu"
"NGA_3_720",,"HQHZPaPqaMC",2,"ke Augie"
"NGA_3_721",,"Zelc7Ij8pQq",2,"ke Bagudo"
"NGA_3_722",,"yY15GJ9MSfL",2,"ke Birnin Kebbi"
"NGA_3_723",,"FNMrAWtZWQ4",2,"ke Bunza"
"NGA_3_724",,"nnmWMcj4mCA",2,"ke Dandi"
"NGA_3_725",,"PK80KRcgF8c",2,"ke Fakai"
"NGA_3_726",,"Jp7qmiWQpke",2,"ke Gwandu"
"NGA_3_727",,"g0DDonzdUA9",2,"ke Jega"
"NGA_3_728",,"A6bbzR080Zg",2,"ke Kalgo"
"NGA_3_729",,"XyOr2mBaTzz",2,"ke Koko Besse"
"NGA_3_730",,"dHqBHka5u3Y",2,"ke Maiyama"
"NGA_3_731",,"GoyPAqsi8hE",2,"ke Ngaski"
"NGA_3_732",,"udN1v10a2tK",2,"ke Sakaba"
"NGA_3_733",,"oy7nF3sX05H",2,"ke Shanga"
"NGA_3_734",,"NpxFn7xBbot",2,"ke Suru"
"NGA_3_735",,"jcUO5qAgLQd",2,"ke Wasagu-Danko"
"NGA_3_736",,"R81UH1R1lTl",2,"ke Yauri"
"NGA_3_737",,"O4lKV4nabSL",2,"ke Zuru "
"NGA_3_738",,"JAbWcsjaThI",2,"so Binji"
"NGA_3_739",,"mU4xLJkmJ1n",2,"so Bodinga"
"NGA_3_740",,"EFiZIMdk7CK",2,"so Dange-shnsi"
"NGA_3_741",,"OOozvPmus5h",2,"so Gada"
"NGA_3_742",,"QW6ipnJ667p",2,"so Goronyo"
"NGA_3_743",,"NPq76gDFefd",2,"so Gudu"
"NGA_3_744",,"RQ3XEd1s9pT",2,"so Gwadabawa"
"NGA_3_745",,"Ot1rO9XQIUx",2,"so Illela"
"NGA_3_746",,"VfF0gugE9nG",2,"so Isa"
"NGA_3_747",,"dlGASWuvQ3Y",2,"so Kebbe"
"NGA_3_748",,"kaz5efadUMl",2,"so Kware"
"NGA_3_749",,"L00lRsjGRNa",2,"so Rabah"
"NGA_3_750",,"EcW5sxrn7Kx",2,"so Sabo Birni"
"NGA_3_751",,"UoqWfOPE4kb",2,"so Shagari"
"NGA_3_752",,"hBETnzuLuGS",2,"so Silame"
"NGA_3_753",,"c4XamXWAJm5",2,"so Sokoto North"
"NGA_3_754",,"wwWXkcdr5x5",2,"so Sokoto South"
"NGA_3_755",,"N0H1zZzTWGq",2,"so Tambuwal"
"NGA_3_756",,"IXHQSYJ6zKL",2,"so Tangaza"
"NGA_3_757",,"loFfnXvTMpH",2,"so Tureta"
"NGA_3_758",,"NiS8nFDiIJ6",2,"so Wamako"
"NGA_3_759",,"DylD4aLFi5r",2,"so Wurno"
"NGA_3_760",,"nLtWhDsKEsm",2,"so Yabo"
"NGA_3_761",,"yPpyV8PRdT5",2,"za Anka"
"NGA_3_762",,"uW0EwEqDoz3",2,"za Bakura"
"NGA_3_763",,"xDEHgP4W3sw",2,"za Birnin Magaji"
"NGA_3_764",,"nMO6MfPJMqO",2,"za Bukkuyum"
"NGA_3_765",,"WQbcocy1CDP",2,"za Bungudu"
"NGA_3_766",,"P36E1ppaM9q",2,"za Gummi"
"NGA_3_767",,"R83C21BuCL5",2,"za Gusau"
"NGA_3_768",,"rZBbOn6W1wi",2,"za Kaura Namoda"
"NGA_3_769",,"tO5pER5YEmw",2,"za Maradun"
"NGA_3_770",,"XZdFyxcLSxk",2,"za Maru"
"NGA_3_771",,"AKMBCyOdsMJ",2,"za Shinkafi"
"NGA_3_772",,"JncTzTWoM1A",2,"za Talata Mafara"
"NGA_3_773",,"t07Wu4dK2Se",2,"za Tsafe"
"NGA_3_774",,"rktJXq6SLZh",2,"za Zurmi "
